"place_id","place_type_id"
"3","1"
"4","1"
"4","5"
"4","25"
"10","23"
"11","23"
"13","30"
"13","32"
"18","1"
"18","4"
"18","42"
"23","1"
"24","23"
"27","1"
"29","1"
"31","11"
"34","36"
"39","1"
"44","43"
"45","1"
"45","4"
"46","1"
"50","1"
"51","1"
"51","4"
"51","25"
"53","9"
"59","4"
"65","1"
"65","4"
"77","14"
"79","5"
"91","43"
"93","4"
"93","7"
"93","25"
"95","32"
"97","26"
"99","22"
"112","28"
"112","32"
"115","5"
"115","9"
"115","10"
"120","1"
"120","4"
"129","8"
"129","34"
"134","39"
"138","5"
"139","4"
"141","10"
"142","5"
"143","29"
"144","4"
"144","43"
"148","1"
"152","4"
"155","5"
"158","5"
"162","5"
"164","1"
"164","5"
"164","43"
"166","50"
"169","5"
"169","32"
"170","5"
"171","5"
"186","1"
"186","18"
"189","10"
"198","9"
"198","54"
"200","5"
"204","1"
"215","14"
"215","20"
"215","30"
"223","1"
"223","5"
"223","52"
"226","1"
"226","4"
"231","4"
"236","2"
"240","1"
"244","4"
"244","5"
"244","32"
"244","35"
"245","4"
"247","5"
"251","4"
"257","1"
"257","4"
"260","5"
"261","1"
"264","4"
"267","1"
"267","4"
"268","1"
"268","4"
"268","18"
"272","2"
"274","33"
"280","45"
"297","4"
"303","4"
"304","4"
"308","10"
"312","1"
"312","4"
"313","4"
"329","1"
"330","10"
"343","2"
"343","8"
"348","1"
"348","5"
"348","7"
"354","5"
"354","7"
"354","9"
"354","10"
"354","26"
"357","8"
"361","10"
"362","1"
"366","2"
"367","4"
"368","4"
"368","56"
"370","4"
"370","10"
"371","1"
"377","1"
"377","4"
"377","18"
"378","1"
"379","2"
"380","1"
"382","4"
"384","10"
"386","44"
"391","1"
"391","43"
"392","6"
"393","1"
"394","1"
"398","5"
"404","42"
"405","4"
"409","1"
"409","43"
"410","4"
"415","4"
"422","14"
"423","5"
"423","21"
"424","7"
"427","17"
"428","33"
"431","2"
"432","2"
"434","17"
"435","4"
"436","17"
"441","4"
"442","15"
"445","5"
"448","1"
"449","1"
"454","1"
"455","1"
"456","5"
"458","43"
"459","17"
"461","5"
"462","2"
"463","5"
"466","1"
"467","1"
"468","17"
"470","4"
"472","5"
"473","4"
"474","1"
"474","9"
"476","4"
"479","17"
"481","10"
"482","9"
"483","4"
"492","2"
"497","1"
"497","20"
"500","4"
"503","1"
"508","20"
"509","2"
"510","6"
"517","34"
"524","34"
"525","5"
"526","1"
"526","5"
"527","12"
"530","52"
"534","15"
"534","17"
"535","4"
"537","28"
"538","34"
"539","16"
"542","1"
"544","4"
"547","1"
"547","4"
"551","35"
"552","10"
"554","17"
"555","5"
"557","18"
"557","37"
"558","1"
"560","4"
"561","5"
"563","1"
"563","25"
"566","5"
"569","2"
"572","5"
"574","17"
"576","12"
"577","20"
"578","4"
"588","7"
"590","17"
"591","7"
"593","5"
"598","1"
"611","4"
"611","30"
"612","7"
"620","5"
"621","6"
"623","5"
"624","4"
"631","1"
"631","32"
"633","2"
"635","1"
"635","7"
"637","5"
"640","1"
"643","5"
"648","2"
"649","22"
"650","4"
"660","5"
"661","33"
"662","30"
"664","4"
"666","12"
"669","4"
"672","5"
"676","1"
"677","4"
"678","1"
"679","5"
"680","2"
"681","9"
"682","21"
"683","22"
"684","5"
"685","34"
"686","4"
"687","5"
"688","16"
"689","19"
"694","5"
"695","17"
"697","1"
"699","17"
"700","30"
"702","17"
"705","17"
"706","1"
"707","17"
"709","2"
"714","4"
"717","1"
"723","1"
"723","7"
"723","43"
"726","9"
"727","4"
"729","4"
"730","3"
"731","4"
"733","14"
"734","7"
"734","20"
"734","32"
"738","4"
"741","2"
"743","25"
"745","4"
"746","4"
"748","4"
"751","2"
"752","17"
"756","4"
"756","7"
"757","5"
"758","2"
"759","4"
"760","25"
"760","32"
"765","21"
"767","4"
"774","1"
"777","4"
"780","32"
"781","5"
"781","26"
"784","21"
"785","19"
"792","30"
"794","17"
"796","4"
"796","36"
"800","17"
"803","22"
"809","14"
"812","5"
"814","1"
"814","2"
"814","5"
"816","5"
"816","8"
"817","2"
"818","6"
"819","1"
"820","2"
"821","4"
"824","1"
"824","4"
"824","5"
"824","32"
"825","1"
"828","30"
"830","30"
"831","4"
"832","2"
"834","5"
"835","4"
"840","8"
"841","5"
"842","32"
"846","5"
"847","4"
"847","32"
"850","8"
"850","10"
"852","5"
"855","5"
"860","34"
"865","11"
"867","1"
"869","5"
"874","5"
"876","1"
"876","5"
"882","22"
"883","31"
"885","2"
"887","26"
"888","17"
"889","1"
"889","22"
"889","25"
"889","32"
"891","7"
"891","22"
"892","1"
"894","5"
"894","8"
"897","8"
"898","1"
"899","5"
"900","20"
"901","1"
"902","25"
"904","5"
"905","5"
"905","43"
"908","33"
"910","2"
"920","2"
"921","11"
"925","17"
"927","7"
"928","2"
"930","17"
"935","17"
"936","33"
"937","5"
"939","5"
"941","5"
"941","32"
"946","1"
"948","4"
"955","5"
"960","5"
"961","7"
"962","5"
"964","7"
"975","1"
"977","7"
"978","22"
"979","7"
"982","4"
"986","7"
"987","7"
"991","5"
"992","34"
"993","30"
"994","5"
"996","4"
"997","4"
"1000","17"
"1003","22"
"1006","5"
"1009","2"
"1015","1"
"1015","4"
"1017","1"
"1024","1"
"1027","4"
"1034","10"
"1035","4"
"1036","1"
"1036","4"
"1055","33"
"1092","4"
"1129","3"
"1136","1"
"1136","14"
"1136","25"
"1145","5"
"1146","7"
"1146","32"
"1200","1"
"1200","5"
"1200","8"
"1201","32"
"1207","1"
"1207","2"
"1207","4"
"1213","1"
"1262","30"
"1268","5"
"1275","3"
"1280","1"
"1280","2"
"1280","5"
"1286","14"
"1286","29"
"1293","11"
"1322","1"
"1322","5"
"1350","1"
"1350","4"
"1351","17"
"1352","2"
"1358","4"
"1359","4"
"1366","4"
"1367","2"
"1373","4"
"1376","1"
"1377","8"
"1378","4"
"1379","1"
"1379","5"
"1379","14"
"1380","6"
"1382","1"
"1383","1"
"1384","5"
"1385","5"
"1385","29"
"1386","32"
"1387","7"
"1388","1"
"1389","1"
"1390","5"
"1390","29"
"1391","11"
"1392","8"
"1393","8"
"1394","5"
"1395","32"
"1396","5"
"1397","2"
"1398","1"
"1399","1"
"1400","1"
"1401","4"
"1401","7"
"1401","42"
"1402","2"
"1403","1"
"1405","29"
"1408","4"
"1409","4"
"1410","1"
"1411","8"
"1412","4"
"1413","32"
"1414","4"
"1415","1"
"1416","1"
"1417","4"
"1419","4"
"1420","1"
"1420","2"
"1421","5"
"1421","8"
"1422","5"
"1423","7"
"1424","5"
"1425","1"
"1426","34"
"1427","7"
"1428","8"
"1429","1"
"1430","1"
"1431","2"
"1432","2"
"1433","30"
"1434","12"
"1435","4"
"1436","1"
"1437","8"
"1438","5"
"1440","32"
"1442","2"
"1442","5"
"1442","8"
"1444","1"
"1445","1"
"1446","1"
"1447","4"
"1447","5"
"1447","7"
"1448","26"
"1449","1"
"1450","10"
"1451","1"
"1451","2"
"1451","5"
"1452","2"
"1453","8"
"1454","9"
"1455","4"
"1456","1"
"1458","8"
"1459","1"
"1459","57"
"1460","32"
"1461","1"
"1462","2"
"1463","17"
"1464","1"
"1465","1"
"1466","34"
"1467","5"
"1468","33"
"1469","1"
"1470","2"
"1471","2"
"1472","1"
"1472","8"
"1473","29"
"1474","2"
"1475","5"
"1476","1"
"1477","32"
"1478","2"
"1479","32"
"1480","2"
"1481","1"
"1482","1"
"1484","8"
"1485","4"
"1486","1"
"1487","1"
"1487","5"
"1488","1"
"1489","8"
"1490","5"
"1492","1"
"1494","9"
"1495","4"
"1496","5"
"1497","2"
"1498","1"
"1501","4"
"1502","1"
"1503","2"
"1505","1"
"1505","5"
"1506","1"
"1507","1"
"1507","8"
"1508","2"
"1509","4"
"1510","9"
"1511","4"
"1512","8"
"1513","4"
"1514","1"
"1515","2"
"1516","9"
"1517","1"
"1517","2"
"1517","12"
"1518","8"
"1519","2"
"1520","2"
"1521","5"
"1522","1"
"1523","1"
"1524","1"
"1525","2"
"1526","4"
"1527","5"
"1528","5"
"1529","2"
"1529","35"
"1530","1"
"1530","32"
"1531","32"
"1532","8"
"1533","1"
"1534","7"
"1535","5"
"1535","17"
"1535","19"
"1536","2"
"1537","5"
"1538","1"
"1539","36"
"1540","1"
"1541","17"
"1542","1"
"1544","1"
"1545","1"
"1546","5"
"1547","7"
"1548","7"
"1549","5"
"1550","8"
"1551","5"
"1552","2"
"1553","1"
"1554","2"
"1555","1"
"1556","5"
"1557","39"
"1558","1"
"1559","2"
"1560","5"
"1561","4"
"1562","8"
"1563","2"
"1564","1"
"1565","7"
"1566","1"
"1567","1"
"1567","7"
"1568","7"
"1569","7"
"1570","7"
"1570","25"
"1571","1"
"1571","5"
"1571","7"
"1571","14"
"1572","7"
"1573","1"
"1574","1"
"1574","4"
"1575","1"
"1576","2"
"1577","1"
"1578","57"
"1579","2"
"1580","2"
"1581","1"
"1581","2"
"1582","2"
"1583","2"
"1584","9"
"1585","1"
"1586","2"
"1588","4"
"1588","43"
"1590","1"
"1590","5"
"1592","4"
"1594","1"
"1595","7"
"1595","25"
"1606","8"
"1610","1"
"1610","5"
"1622","1"
"1622","4"
"1622","42"
"1708","32"
"1715","2"
"1715","5"
"1716","1"
"1716","10"
"1716","25"
"1717","1"
"1721","1"
"1729","1"
"1732","1"
"1736","5"
"1736","26"
"1736","32"
"1737","1"
"1738","1"
"1739","1"
"1739","4"
"1739","5"
"1741","1"
"1742","1"
"1743","1"
"1743","25"
"1747","1"
"1747","5"
"1748","1"
"1748","2"
"1748","5"
"1755","5"
"1755","10"
"1761","1"
"1761","5"
"1761","32"
"1763","1"
"1763","5"
"1763","10"
"1776","1"
"1776","5"
"1782","1"
"1782","5"
"1784","1"
"1784","7"
"1795","1"
"1795","5"
"1797","1"
"1797","2"
"1797","5"
"1797","8"
"1797","10"
"1808","1"
"1808","4"
"1816","1"
"1816","5"
"1830","1"
"1830","5"
"1830","14"
"1831","58"
"1832","5"
"1832","32"
"1832","52"
"1837","1"
"1846","1"
"1856","1"
"1856","5"
"1858","1"
"1858","10"
"1858","14"
"1859","52"
"1865","1"
"1865","25"
"1865","52"
"1875","1"
"1876","1"
"1882","1"
"1882","5"
"1882","32"
"1885","1"
"1885","6"
"1887","6"
"1892","5"
"1893","1"
"1893","5"
"1899","7"
"1900","4"
"1900","36"
"1903","1"
"1903","5"
"1907","1"
"1907","5"
"1968","2"
"2019","4"
"2031","1"
"2034","1"
"2043","10"
"2043","11"
"2046","1"
"2052","1"
"2061","5"
"2061","32"
"2078","1"
"2078","43"
"2079","1"
"2089","9"
"2091","1"
"2092","1"
"2109","1"
"2114","16"
"2143","32"
"2146","1"
"2146","2"
"2150","2"
"2150","5"
"2151","1"
"2155","1"
"2158","4"
"2159","36"
"2160","33"
"2163","1"
"2169","5"
"2171","14"
"2180","1"
"2197","1"
"2197","4"
"2200","1"
"2205","1"
"2205","8"
"2205","9"
"2208","9"
"2216","58"
"2220","4"
"2223","36"
"2233","2"
"2237","8"
"2239","32"
"2242","9"
"2243","1"
"2245","1"
"2246","8"
"2251","32"
"2262","5"
"2263","33"
"2264","14"
"2265","5"
"2268","4"
"2271","14"
"2294","11"
"2303","36"
"2467","2"
"2467","5"
"2467","8"
"2467","9"
"2508","32"
"2509","1"
"2510","32"
"2511","10"
"2512","4"
"2513","4"
"2514","7"
"2515","9"
"2516","1"
"2517","1"
"2518","34"
"2519","1"
"2519","5"
"2520","1"
"2520","4"
"2521","12"
"2522","7"
"2523","29"
"2524","4"
"2527","1"
"2527","4"
"2528","1"
"2530","36"
"2531","7"
"2533","32"
"2534","7"
"2535","1"
"2535","8"
"2536","1"
"2537","1"
"2538","7"
"2539","1"
"2540","1"
"2541","7"
"2542","7"
"2543","7"
"2544","7"
"2545","29"
"2546","7"
"2547","32"
"2548","7"
"2549","1"
"2549","5"
"2549","32"
"2550","8"
"2551","1"
"2551","9"
"2552","5"
"2554","4"
"2555","1"
"2555","2"
"2556","8"
"2557","5"
"2557","8"
"2558","8"
"2559","8"
"2560","12"
"2561","4"
"2562","8"
"2563","8"
"2564","8"
"2564","33"
"2565","1"
"2567","4"
"2568","26"
"2569","5"
"2570","1"
"2571","4"
"2572","32"
"2573","4"
"2574","32"
"2575","5"
"2576","12"
"2577","12"
"2580","5"
"2580","8"
"2581","22"
"2582","5"
"2583","2"
"2584","1"
"2585","4"
"2587","2"
"2587","8"
"2588","1"
"2588","2"
"2590","1"
"2591","8"
"2592","8"
"2593","5"
"2594","1"
"2595","4"
"2596","7"
"2596","10"
"2597","1"
"2598","8"
"2599","9"
"2600","8"
"2601","4"
"2602","8"
"2603","2"
"2604","4"
"2605","5"
"2606","8"
"2607","8"
"2608","4"
"2610","4"
"2611","32"
"2612","22"
"2613","1"
"2614","45"
"2615","1"
"2616","8"
"2618","1"
"2619","5"
"2620","36"
"2621","5"
"2622","1"
"2623","9"
"2624","1"
"2625","9"
"2627","7"
"2628","1"
"2628","7"
"2629","8"
"2630","1"
"2631","32"
"2632","57"
"2633","8"
"2634","4"
"2634","7"
"2635","7"
"2636","7"
"2637","33"
"2638","1"
"2639","8"
"2640","5"
"2641","33"
"2642","32"
"2646","7"
"2647","9"
"2649","1"
"2653","1"
"2657","1"
"2662","29"
"2664","1"
"2665","32"
"2665","43"
"2677","36"
"2683","22"
"2683","32"
"2683","52"
"2685","1"
"2685","33"
"2687","29"
"2689","1"
"2689","7"
"2689","46"
"2690","14"
"2690","43"
"2693","1"
"2693","5"
"2693","10"
"2746","5"
"2756","4"
"2767","29"
"2769","1"
"2782","7"
"2782","10"
"2788","1"
"2788","5"
"2790","42"
"2794","2"
"2796","36"
"2799","1"
"2799","42"
"2803","5"
"2808","5"
"2808","19"
"2829","8"
"2846","30"
"2847","8"
"2850","29"
"2854","1"
"2856","9"
"2856","10"
"2863","2"
"2867","5"
"2867","6"
"2867","11"
"2882","5"
"2882","29"
"2884","4"
"2884","7"
"2886","1"
"2886","2"
"2889","1"
"2911","1"
"2911","5"
"2911","26"
"2936","1"
"2936","5"
"2936","9"
"2956","10"
"2968","1"
"2975","1"
"2975","9"
"2993","3"
"2993","33"
"3022","4"
"3071","9"
"3071","19"
"3071","21"
"3073","1"
"3073","10"
"3073","14"
"3098","33"
"3098","37"
"3098","44"
"3118","9"
"3118","14"
"3118","36"
"3207","1"
"3207","5"
"3207","6"
"3207","8"
"3347","1"
"3347","10"
"3390","1"
"3390","2"
"3390","5"
"3390","20"
"3399","11"
"3401","7"
"3417","1"
"3417","4"
"3417","10"
"3443","6"
"3443","7"
"3443","20"
"3509","5"
"3568","11"
"3570","7"
"3586","1"
"3586","5"
"3586","36"
"3589","1"
"3589","2"
"3589","8"
"3589","12"
"3592","1"
"3592","7"
"3592","42"
"3607","1"
"3624","1"
"3624","8"
"3629","1"
"3629","4"
"3629","8"
"3629","14"
"3629","20"
"3629","32"
"3651","1"
"3652","1"
"3652","2"
"3652","5"
"3652","8"
"3652","26"
"3652","35"
"3653","4"
"3657","5"
"3657","21"
"3658","1"
"3659","1"
"3664","4"
"3674","4"
"3681","1"
"3683","4"
"3683","20"
"3686","5"
"3686","31"
"3694","1"
"3694","4"
"3694","5"
"3695","6"
"3701","22"
"3701","23"
"3709","1"
"3709","2"
"3709","39"
"3721","4"
"3740","4"
"3768","11"
"3772","7"
"3784","32"
"3909","32"
"3910","1"
"3910","4"
"3911","5"
"3911","30"
"3912","23"
"3913","37"
"3914","23"
"3927","4"
"3929","1"
"3929","5"
"3929","30"
"3931","1"
"3931","4"
"3932","4"
"3942","5"
"3942","31"
"3943","1"
"3943","4"
"3944","4"
"3945","2"
"3947","23"
"3960","1"
"3961","32"
"3966","1"
"3970","4"
"3970","43"
"3973","4"
"3978","4"
"3987","1"
"3990","1"
"3990","4"
"3991","4"
"3991","5"
"3991","25"
"4005","4"
"4005","10"
"4005","20"
"4009","1"
"4009","2"
"4010","1"
"4012","1"
"4012","30"
"4020","4"
"4021","5"
"4027","1"
"4027","2"
"4027","42"
"4031","1"
"4031","4"
"4031","5"
"4049","1"
"4049","4"
"4049","14"
"4139","1"
"4139","7"
"4203","11"
"4227","5"
"4346","17"
"4348","1"
"4351","1"
"4351","5"
"4351","29"
"4355","1"
"4355","10"
"4355","14"
"4393","1"
"4393","4"
"5022","4"
"5022","5"
"5023","5"
"5026","8"
"5027","20"
"5029","4"
"5030","17"
"5031","8"
"5031","40"
"5032","1"
"5032","4"
"5032","42"
"5048","5"
"5049","5"
"5053","20"
"5055","25"
"5056","1"
"5057","12"
"5061","25"
"5062","1"
"5063","1"
"5070","5"
"5074","4"
"5083","5"
"5084","8"
"5097","7"
"5098","1"
"5101","5"
"5123","2"
"5126","17"
"5132","5"
"5135","17"
"5137","6"
"5138","5"
"5150","36"
"5153","33"
"5162","17"
"5170","7"
"5195","37"
"5240","7"
"5241","17"
"5253","17"
"5256","17"
"5271","17"
"5276","17"
"5285","17"
"5286","12"
"5292","17"
"5294","17"
"5295","17"
"5310","25"
"5311","2"
"5312","2"
"5314","17"
"5315","25"
"5322","2"
"5325","17"
"5326","17"
"5328","7"
"5329","5"
"5330","5"
"5334","2"
"5337","4"
"5339","5"
"5340","7"
"5345","7"
"5348","7"
"5351","12"
"5352","8"
"5357","7"
"5363","9"
"5364","9"
"5365","7"
"5366","7"
"5368","4"
"5369","1"
"5370","1"
"5376","25"
"5378","8"
"5379","5"
"5380","7"
"5381","7"
"5383","5"
"5384","12"
"5386","5"
"5387","5"
"5389","12"
"5392","2"
"5393","4"
"5394","7"
"5396","17"
"5397","7"
"5398","12"
"5400","7"
"5401","5"
"5404","5"
"5406","4"
"5407","5"
"5408","7"
"5411","8"
"5412","7"
"5413","7"
"5415","12"
"5416","22"
"5418","10"
"5419","2"
"5420","9"
"5422","4"
"5423","7"
"5430","5"
"5432","5"
"5433","25"
"5436","1"
"5438","12"
"5440","9"
"5441","20"
"5443","4"
"5444","20"
"5445","36"
"5447","9"
"5449","34"
"5450","34"
"5453","5"
"5454","22"
"5455","5"
"5456","9"
"5457","5"
"5458","1"
"5459","5"
"5460","1"
"5462","2"
"5463","4"
"5464","4"
"5466","20"
"5467","8"
"5468","1"
"5469","22"
"5470","5"
"5472","7"
"5474","5"
"5475","12"
"5476","9"
"5484","11"
"5485","36"
"5486","1"
"5488","12"
"5489","20"
"5490","6"
"5491","5"
"5497","1"
"5498","8"
"5501","1"
"5502","5"
"5503","1"
"5506","4"
"5508","22"
"5515","7"
"5518","5"
"5523","1"
"5524","25"
"5525","25"
"5527","2"
"5528","7"
"5529","5"
"5530","5"
"5531","5"
"5532","5"
"5533","5"
"5534","22"
"5535","22"
"5536","5"
"5543","5"
"5544","9"
"5547","17"
"5548","5"
"5549","5"
"5550","5"
"5551","5"
"5565","25"
"5579","12"
"5580","7"
"5581","5"
"5582","22"
"5604","12"
"5624","12"
"5625","7"
"5628","7"
"5629","7"
"5631","1"
"5635","7"
"5637","22"
"5638","9"
"5643","35"
"5649","25"
"5654","5"
"5656","12"
"5657","7"
"5662","6"
"5665","7"
"5668","36"
"5670","12"
"5674","25"
"5675","25"
"5677","12"
"5680","20"
"5685","5"
"5688","38"
"5693","1"
"5694","7"
"5695","1"
"5696","1"
"5702","30"
"5704","7"
"5705","12"
"5706","12"
"5709","1"
"5711","12"
"5715","1"
"5716","7"
"5717","7"
"5718","2"
"5719","7"
"5720","7"
"5726","7"
"5727","7"
"5729","7"
"5731","2"
"5732","2"
"5733","34"
"5735","12"
"5737","12"
"5738","6"
"5740","8"
"5744","36"
"5747","12"
"5748","7"
"5749","1"
"5750","38"
"5754","2"
"5755","22"
"5757","12"
"5758","21"
"5760","17"
"5762","5"
"5765","7"
"5766","33"
"5768","6"
"5769","5"
"5775","17"
"5778","7"
"5779","20"
"5784","36"
"5788","22"
"5794","4"
"5796","12"
"5806","5"
"5813","1"
"5818","20"
"5829","7"
"5836","12"
"5859","5"
"5860","5"
"5863","31"
"5866","25"
"5868","11"
"5871","5"
"5873","2"
"5878","22"
"5879","7"
"5880","5"
"5881","9"
"5883","31"
"5884","5"
"5886","7"
"5889","5"
"5890","1"
"5891","7"
"5895","19"
"5896","2"
"5897","2"
"5899","7"
"5900","2"
"5901","25"
"5906","25"
"5909","1"
"5910","5"
"5912","6"
"5914","7"
"5915","22"
"5921","25"
"5922","4"
"5923","1"
"5929","35"
"5930","5"
"5941","8"
"5943","36"
"5944","34"
"5945","25"
"5946","19"
"5949","14"
"5950","35"
"5951","4"
"5954","35"
"5962","25"
"5963","25"
"5966","34"
"5968","7"
"5969","5"
"5970","12"
"5975","36"
"5982","5"
"5983","5"
"5985","36"
"5986","5"
"5988","34"
"5989","5"
"5990","5"
"5991","25"
"5995","10"
"5996","10"
"5999","8"
"6000","1"
"6001","5"
"6004","25"
"6006","5"
"6008","6"
"6009","5"
"6010","22"
"6012","9"
"6013","9"
"6016","5"
"6017","5"
"6031","6"
"6034","6"
"6043","6"
"6045","20"
"6058","5"
"6062","6"
"6085","6"
"6088","2"
"6089","12"
"6090","17"
"6091","36"
"6095","17"
"6099","12"
"6101","17"
"6105","12"
"6121","17"
"6144","4"
"6145","4"
"6146","4"
"6147","4"
"6150","2"
"6151","12"
"6156","12"
"6186","8"
"6192","12"
"6197","12"
"6213","17"
"6215","6"
"6219","12"
"6225","17"
"6228","17"
"6253","17"
"6256","6"
"6257","12"
"6258","17"
"6267","12"
"6269","17"
"6273","17"
"6277","5"
"6289","1"
"6295","39"
"6301","39"
"6302","39"
"6305","17"
"6316","6"
"6323","6"
"6334","6"
"6336","17"
"6345","8"
"6356","36"
"6372","17"
"6383","12"
"6387","7"
"6395","17"
"6409","17"
"6414","12"
"6418","12"
"6425","12"
"6428","8"
"6432","17"
"6441","12"
"6443","6"
"6444","39"
"6452","39"
"6454","12"
"6458","12"
"6465","17"
"6487","30"
"6489","1"
"6489","2"
"6489","10"
"6490","2"
"6490","4"
"6491","4"
"6492","5"
"6494","4"
"6496","4"
"6497","4"
"6497","5"
"6498","4"
"6498","5"
"6499","1"
"6499","5"
"6500","4"
"6501","1"
"6501","5"
"6502","1"
"6502","5"
"6505","4"
"6505","5"
"6505","22"
"6506","2"
"6506","5"
"6507","37"
"6508","30"
"6509","22"
"6509","23"
"6510","2"
"6510","4"
"6511","5"
"6511","31"
"6512","5"
"6512","22"
"6513","1"
"6514","31"
"6515","7"
"6516","1"
"6517","1"
"6518","1"
"6519","8"
"6520","5"
"6521","32"
"6522","1"
"6523","5"
"6524","5"
"6525","21"
"6526","32"
"6527","1"
"6528","36"
"6529","1"
"6530","32"
"6531","21"
"6532","1"
"6532","5"
"6533","5"
"6534","5"
"6535","1"
"6535","43"
"6536","4"
"6537","2"
"6537","4"
"6537","5"
"6538","1"
"6539","1"
"6539","4"
"6539","8"
"6540","4"
"6540","40"
"6541","8"
"6542","4"
"6543","17"
"6544","2"
"6544","4"
"6545","1"
"6546","4"
"6547","4"
"6547","5"
"6548","41"
"6549","37"
"6550","7"
"6551","5"
"6552","1"
"6552","4"
"6553","1"
"6553","2"
"6554","7"
"6555","4"
"6555","9"
"6557","8"
"6557","34"
"6558","1"
"6559","4"
"6560","8"
"6560","14"
"6561","1"
"6562","4"
"6563","1"
"6565","1"
"6565","8"
"6565","22"
"6566","4"
"6566","14"
"6567","7"
"6567","25"
"6568","36"
"6569","4"
"6570","1"
"6570","4"
"6570","8"
"6571","4"
"6572","4"
"6573","4"
"6573","43"
"6574","4"
"6574","14"
"6575","4"
"6576","37"
"6576","44"
"6577","4"
"6579","1"
"6580","10"
"6581","1"
"6582","1"
"6582","4"
"6582","8"
"6583","4"
"6583","43"
"6584","12"
"6585","4"
"6586","7"
"6587","4"
"6587","5"
"6588","1"
"6588","4"
"6588","5"
"6588","8"
"6588","43"
"6590","5"
"6590","7"
"6590","20"
"6590","22"
"6590","32"
"6590","34"
"6591","4"
"6591","5"
"6591","8"
"6592","4"
"6593","4"
"6594","1"
"6595","5"
"6596","43"
"6597","43"
"6598","22"
"6598","32"
"6599","30"
"6600","4"
"6601","4"
"6601","43"
"6602","4"
"6602","43"
"6603","10"
"6604","1"
"6604","4"
"6604","5"
"6605","5"
"6605","21"
"6605","32"
"6606","2"
"6613","5"
"6615","5"
"6616","5"
"6618","5"
"6620","5"
"6648","5"
"6649","5"
"6650","5"
"6658","5"
"6659","5"
"6686","36"
"6692","5"
"6697","5"
"6707","5"
"6709","1"
"6725","2"
"6766","7"
"6770","5"
"6771","5"
"6774","7"
"6778","7"
"6780","7"
"6781","36"
"6783","36"
"6784","5"
"6785","7"
"6788","25"
"6791","1"
"6797","5"
"6800","7"
"6801","5"
"6804","7"
"6805","7"
"6806","1"
"6807","4"
"6809","5"
"6812","7"
"6813","1"
"6815","1"
"6817","7"
"6819","2"
"6822","5"
"6825","1"
"6831","1"
"6832","1"
"6834","5"
"6835","36"
"6838","1"
"6840","1"
"6845","5"
"6848","5"
"6853","14"
"6855","7"
"6860","17"
"6862","7"
"6863","2"
"6867","12"
"6876","5"
"6877","36"
"6881","17"
"6883","7"
"6886","7"
"6887","7"
"6891","5"
"6892","5"
"6896","5"
"6899","7"
"6901","20"
"6902","17"
"6904","7"
"6907","7"
"6910","35"
"6911","36"
"6913","8"
"6914","8"
"6916","7"
"6919","17"
"6921","36"
"6924","7"
"6926","5"
"6928","7"
"6931","7"
"6934","7"
"6937","4"
"6938","1"
"6942","6"
"6944","5"
"6945","36"
"6946","5"
"6948","36"
"6951","34"
"6955","22"
"6957","1"
"6957","2"
"6957","8"
"6958","4"
"6959","43"
"6960","1"
"6960","42"
"6960","43"
"6961","9"
"6962","4"
"6962","5"
"6964","4"
"6965","1"
"6965","4"
"6965","21"
"6968","30"
"6968","32"
"6968","43"
"6969","3"
"6970","32"
"6971","4"
"6971","25"
"6971","33"
"6972","6"
"6973","4"
"6975","4"
"6976","5"
"6976","46"
"6977","1"
"6977","7"
"6978","1"
"6978","5"
"6978","34"
"6979","4"
"6979","43"
"6980","2"
"6981","1"
"6981","21"
"6982","10"
"6983","4"
"6983","43"
"6984","1"
"6985","4"
"6985","20"
"6985","32"
"6986","4"
"6987","25"
"6988","1"
"6990","1"
"6990","5"
"6990","10"
"6991","5"
"6992","1"
"6993","2"
"6995","2"
"6995","4"
"6995","5"
"6995","8"
"6996","1"
"6996","2"
"6996","4"
"6996","5"
"6997","43"
"6998","4"
"7000","5"
"7001","2"
"7002","1"
"7004","10"
"7004","11"
"7005","1"
"7005","4"
"7005","5"
"7006","1"
"7006","7"
"7007","7"
"7008","1"
"7009","14"
"7009","43"
"7010","32"
"7010","34"
"7011","6"
"7012","4"
"7012","5"
"7012","25"
"7012","26"
"7012","29"
"7012","43"
"7013","4"
"7014","1"
"7014","4"
"7014","25"
"7015","1"
"7015","10"
"7015","14"
"7016","4"
"7020","1"
"7020","5"
"7020","8"
"7021","43"
"7022","4"
"7023","4"
"7024","4"
"7025","5"
"7026","5"
"7026","14"
"7026","17"
"7027","4"
"7028","1"
"7028","4"
"7029","44"
"7029","47"
"7030","6"
"7030","8"
"7033","4"
"7034","4"
"7035","51"
"7036","8"
"7037","4"
"7037","25"
"7037","43"
"7038","1"
"7038","5"
"7039","9"
"7039","43"
"7040","30"
"7041","5"
"7042","5"
"7043","30"
"7045","4"
"7045","8"
"7048","5"
"7048","29"
"7050","4"
"7051","9"
"7052","4"
"7053","4"
"7053","9"
"7054","4"
"7055","4"
"7056","1"
"7057","4"
"7058","4"
"7059","5"
"7060","43"
"7061","43"
"7062","9"
"7063","5"
"7063","48"
"7064","1"
"7065","4"
"7065","33"
"7066","1"
"7066","41"
"7067","1"
"7067","4"
"7067","5"
"7068","1"
"7068","5"
"7068","7"
"7069","1"
"7069","43"
"7070","4"
"7070","5"
"7071","8"
"7072","1"
"7072","5"
"7072","11"
"7073","5"
"7073","15"
"7073","32"
"7073","35"
"7073","43"
"7074","38"
"7075","4"
"7075","32"
"7076","1"
"7076","8"
"7077","1"
"7078","1"
"7079","8"
"7079","19"
"7079","45"
"7080","1"
"7080","5"
"7080","35"
"7081","8"
"7082","1"
"7082","2"
"7082","5"
"7083","5"
"7083","8"
"7083","34"
"7084","4"
"7085","1"
"7085","4"
"7085","25"
"7086","1"
"7086","26"
"7086","32"
"7087","4"
"7087","43"
"7088","2"
"7088","4"
"7088","43"
"7089","8"
"7089","39"
"7090","4"
"7090","43"
"7091","4"
"7091","43"
"7092","1"
"7092","5"
"7093","1"
"7093","4"
"7093","42"
"7094","4"
"7094","7"
"7095","21"
"7095","32"
"7095","33"
"7096","9"
"7096","31"
"7097","1"
"7097","43"
"7098","1"
"7098","5"
"7099","1"
"7099","43"
"7100","4"
"7101","1"
"7101","4"
"7102","1"
"7102","2"
"7103","4"
"7105","4"
"7106","5"
"7106","7"
"7109","14"
"7109","33"
"7109","43"
"7110","1"
"7111","4"
"7112","1"
"7112","9"
"7112","36"
"7113","12"
"7114","4"
"7116","5"
"7116","10"
"7116","11"
"7117","42"
"7118","2"
"7118","43"
"7119","1"
"7120","1"
"7121","1"
"7121","8"
"7123","4"
"7124","4"
"7125","1"
"7125","7"
"7126","5"
"7126","32"
"7127","4"
"7127","9"
"7127","43"
"7135","1"
"7135","5"
"7142","5"
"7142","16"
"7142","30"
"7143","1"
"7144","1"
"7148","1"
"7151","22"
"7152","1"
"7152","5"
"7153","1"
"7154","1"
"7154","7"
"7155","9"
"7156","6"
"7157","4"
"7159","1"
"7161","4"
"7162","4"
"7162","5"
"7163","4"
"7164","42"
"7165","4"
"7167","4"
"7168","4"
"7169","1"
"7170","4"
"7171","1"
"7171","5"
"7171","21"
"7173","36"
"7175","33"
"7175","43"
"7176","33"
"7176","43"
"7177","14"
"7177","22"
"7178","2"
"7178","5"
"7178","8"
"7179","2"
"7179","5"
"7180","2"
"7180","5"
"7181","5"
"7182","42"
"7183","7"
"7184","1"
"7185","7"
"7186","1"
"7186","2"
"7186","5"
"7187","1"
"7187","4"
"7188","1"
"7188","42"
"7189","1"
"7189","4"
"7190","1"
"7190","2"
"7190","43"
"7191","4"
"7192","1"
"7192","14"
"7192","33"
"7193","1"
"7193","5"
"7193","8"
"7194","5"
"7194","15"
"7194","21"
"7194","32"
"7195","4"
"7195","9"
"7196","1"
"7196","4"
"7196","5"
"7197","1"
"7197","36"
"7198","1"
"7198","2"
"7199","1"
"7199","2"
"7200","5"
"7200","8"
"7200","21"
"7201","4"
"7202","5"
"7202","8"
"7203","4"
"7206","11"
"7207","32"
"7208","4"
"7209","4"
"7209","30"
"7209","33"
"7210","1"
"7210","4"
"7210","5"
"7211","4"
"7212","1"
"7212","4"
"7215","4"
"7215","9"
"7216","23"
"7217","1"
"7217","4"
"7217","5"
"7218","37"
"7220","4"
"7220","43"
"7221","1"
"7222","4"
"7223","5"
"7223","7"
"7224","5"
"7225","5"
"7226","5"
"7227","1"
"7228","53"
"7229","4"
"7229","43"
"7231","7"
"7233","4"
"7234","54"
"7235","1"
"7235","5"
"7236","4"
"7238","14"
"7239","2"
"7240","9"
"7241","1"
"7241","2"
"7241","5"
"7242","4"
"7242","14"
"7243","5"
"7243","23"
"7244","1"
"7244","5"
"7245","4"
"7246","43"
"7246","51"
"7247","9"
"7247","54"
"7248","10"
"7248","33"
"7248","47"
"7249","48"
"7250","4"
"7251","43"
"7252","4"
"7252","14"
"7253","4"
"7254","1"
"7254","35"
"7255","1"
"7256","1"
"7256","2"
"7256","4"
"7257","4"
"7258","1"
"7258","8"
"7259","1"
"7259","8"
"7259","9"
"7260","1"
"7260","5"
"7260","43"
"7263","1"
"7263","4"
"7263","5"
"7264","1"
"7266","1"
"7266","2"
"7266","15"
"7267","1"
"7267","5"
"7268","1"
"7268","5"
"7269","4"
"7270","9"
"7270","43"
"7270","55"
"7273","1"
"7273","7"
"7274","1"
"7275","1"
"7276","4"
"7277","4"
"7278","4"
"7279","1"
"7280","4"
"7281","4"
"7282","4"
"7283","4"
"7284","4"
"7285","1"
"7285","2"
"7286","1"
"7287","5"
"7288","1"
"7289","32"
"7290","4"
"7291","1"
"7291","4"
"7291","5"
"7292","1"
"7293","1"
"7293","4"
"7293","8"
"7294","52"
"7295","1"
"7295","4"
"7295","5"
"7296","7"
"7296","22"
"7297","1"
"7297","2"
"7297","5"
"7298","2"
"7299","1"
"7302","1"
"7303","5"
"7303","23"
"7303","32"
"7304","1"
"7304","43"
"7305","34"
"7306","1"
"7306","4"
"7307","1"
"7307","8"
"7308","4"
"7308","21"
"7309","1"
"7309","4"
"7310","4"
"7310","5"
"7310","32"
"7311","16"
"7311","43"
"7312","6"
"7314","5"
"7314","32"
"7314","52"
"7315","25"
"7316","9"
"7317","4"
"7317","36"
"7318","9"
"7319","9"
"7320","4"
"7321","43"
"7322","1"
"7323","1"
"7324","25"
"7325","1"
"7326","1"
"7327","1"
"7328","4"
"7329","1"
"7330","1"
"7330","5"
"7331","4"
"7331","43"
"7331","52"
"7332","4"
"7333","4"
"7333","42"
"7334","4"
"7336","1"
"7338","1"
"7338","5"
"7338","25"
"7339","31"
"7340","1"
"7340","7"
"7340","9"
"7341","4"
"7342","1"
"7342","2"
"7342","52"
"7343","4"
"7343","9"
"7343","43"
"7344","4"
"7344","9"
"7345","3"
"7345","9"
"7346","1"
"7346","2"
"7346","34"
"7347","1"
"7347","2"
"7347","5"
"7348","1"
"7348","5"
"7349","1"
"7349","5"
"7349","54"
"7350","1"
"7350","5"
"7350","16"
"7352","5"
"7352","34"
"7352","52"
"7353","31"
"7353","52"
"7354","4"
"7354","25"
"7354","52"
"7355","4"
"7356","1"
"7357","4"
"7357","5"
"7357","8"
"7358","8"
"7360","4"
"7361","1"
"7361","4"
"7362","4"
"7363","1"
"7364","4"
"7365","4"
"7366","8"
"7367","1"
"7367","8"
"7368","1"
"7368","32"
"7369","4"
